[
  {
    "form_response_id": "4",
    "form_id": 5,
    "Fullname": "Doe",
    "form_response_created_date": "2023-12-09T14:51:01.324Z",
    "form_response_updated_date": "2023-12-09T14:51:01.324Z",
    "Select Language": "Hindi"
  },
  {
    "form_response_id": "3",
    "form_id": 5,
    "Fullname": "John",
    "form_response_created_date": "2023-12-09T14:46:03.645Z",
    "form_response_updated_date": "2023-12-09T14:46:03.645Z",
    "Select Language": "English"
  },
  {
    "form_response_id": "2",
    "form_id": 5,
    "Fullname": "Kabir",
    "form_response_created_date": "2023-12-09T14:36:48.416Z",
    "form_response_updated_date": "2023-12-09T14:36:48.416Z",
    "Select Language": "Hindi"
  },
  {
    "form_response_id": "1",
    "form_id": 5,
    "Fullname": "Amit R2",
    "form_response_created_date": "2023-12-09T14:11:24.282Z",
    "form_response_updated_date": "2023-12-09T14:11:24.282Z",
    "Select Language": "English"
  }
]
