{
  "form_id": 5,
  "form_name": "Paytm Domain",
  "form_desc": "Paytm plan 100",
  "form_status": "active",
  "createdAt": "2023-12-09T11:20:49.969Z",
  "updatedAt": "2023-12-09T11:20:50.291Z",
  "form_assigned_users": [],
  "formFields": [
    {
      "field_id": 9,
      "form_id": 5,
      "field_type": "text",
      "field_label": "Fullname",
      "field_is_req": false,
      "field_is_read_only": false,
      "field_is_hidden": false,
      "field_is_multi_sel": false,
      "field_text": null,
      "field_info": "",
      "field_tenant_id_fk": null,
      "dropdown_values": null,
      "field_status": "active",
      "dropdownValues": []
    },
    {
      "field_id": 10,
      "form_id": 5,
      "field_type": "dropdown",
      "field_label": "Select Language",
      "field_is_req": false,
      "field_is_read_only": false,
      "field_is_hidden": false,
      "field_is_multi_sel": false,
      "field_text": null,
      "field_info": "",
      "field_tenant_id_fk": null,
      "dropdown_values": "6,7",
      "field_status": "active",
      "dropdownValues": [
        {
          "value_id": "English",
          "value_text": "English"
        },
        {
          "value_id": "Hindi",
          "value_text": "Hindi"
        }
      ]
    }
  ]
}
