{
  "SUCCESS": "Success",
  "HTTP_SUCCESS": "Success",
  "FORBIDDEN": "Forbidden",
  "ERR": "!!! Error !!!",
  "DB_FAILURE": "Database Failure",
  "DB_ERR": "Error in  Database",
  "DB_DUPLICATE": "DB Duplicate key insertion error.",
  "DUPLICATE_ENTRY": "Duplicate entry",
  "USER_ACC_DEL": "User account deleted",
  "NO_RECORDS": "No Records Found",
  "BAD_PARAMS": "Invalid parameters",
  "INVALID_USER": "Invalid user",
  "INVALID_PASS": "Invalid password",
  "INVALID_PARAMS": "Invalid Params",
  "ACC_NOT_ACTIVATED": "Account not activated, Please activate from your e-mail",
  "INVALID_CREDS": "Invalid Credentials",
  "SERVER_ERROR": "Server Error",
  "SERVICE_EXISTS": "Service already exists for this skillsets",
  "USER_ACTIVATED_SUCC": "User account activated successfully",
  "USER_REG_SUCC": "User registered successfully",
  "USER_LOGGED_IN_SUCC": "User logged in successfully",
  "USER_EXISTS": "User already exists",
  "CODE_EXISTS": "Code already exists",
  "INVALID_DATE": "Invalid Date",
  "RECORD_NOT_EXISTS": "Record not exists",
  "USER_NOT_ACTIVE": "User Not Found or Inactive",
  "UNAUTHORIZED_REQUEST": "Unauthorized",
  "PASSWORD_CHANGED": "Password changed",
  "PASSWORD_RESET_SUCC": "Password reset successfully",
  "INVALID_CUR_PWD": "Invalid Current Password",
  "RESET_PWD_LINK_SEND_SUCC": "Reset Password Link Send successfully",
  "INVALID_IMAGE": "Uploaded image format not allowed",
  "INVALID_FILE": "Uploaded file format not allowed",
  "INVALID_SIZE": "Uploaded image size exceeds than allowed size. It should be maximum 5MB",
  "INVALID_FILE_SIZE": "Uploaded file size exceeds than allowed size. It should be maximum 2GB",
  "INVALID_ADMIN": "admin not found or Invalid admin",
  "INVALID_OTP": "Invalid OTP or OTP timeout",
  "INVALID_TIMEZONE": "Invalid Timezone",
  "INVALID_RESET_PWD_LINK": "Link Expired",
  "INVALID_REFRESH_TOK": "Invalid Refresh Token",
  "INVALID_TOKEN": "Invalid token",
  "USER_NAME_EXISTS": "Sorry, Username already exists",
  "DUPLICATE_EXISTS": "Duplicate data exists",
  "USER_EMAIL_EXISTS": "User Email Exists",
  "USER_MOBILE_EXISTS": "User Mobile Exists",
  "INVALID_EMAIL": "Invalid Email",
  "INVALID_AMOUNT": "Invalid amount",
  "WITHDRAW_REQ_SUCC": "your withdraw request successfully created",
  "OTP_SENT": "OTP sent successfully",
  "OTP_EXPIRED": "OTP expired"
}